{
  "humedad": 1.100000023841858,
  "temperatura": 1.2000000476837159,
  "presion": 1.2999999523162842,
  "vibracion": 1.399999976158142,
  "latitud": 1.5465464843215465,
  "longitud": 1.600000023841858,
  "altura": 1.7000000476837159,
  "horizontal": 1.7999999523162842,
  "vertical": 1.899999976158142,
  "roll": 2.0999999046325685,
  "pitch": 2.200000047683716,
  "yaw": 2.299999952316284,
  "numeroSatelites": 100,
  "calidadSeñal": 4,
  "señalRadio": 4,
  "bateria": 100
}